{"cameraMode":{"drawMode":0,"name":"Shaded","section":"Shading Mode"},"sceneLighting":false,"audioPlay":false,"sceneViewState":{"m_AlwaysRefresh":false,"showFog":true,"showSkybox":false,"showFlares":true,"showImageEffects":true,"showParticleSystems":true,"showVisualEffectGraphs":true,"m_FxEnabled":true},"in2DMode":false,"pivot":{"x":2.4228267669677736,"y":-0.25402629375457766,"z":1.26607084274292},"rotation":{"x":-0.13033297657966615,"y":-0.03955204039812088,"z":0.005203374195843935,"w":-0.9906672239303589},"size":3.973921298980713,"orthographic":false}